method,rate,scene,fid,cmmd,n_fake_crops,n_ref_crops
3DCR,high,bicycle,2.8643161977556453,0.2536773681640625,250,250
3DCR,high,bonsai,2.9331109416688648,0.6756782531738281,370,370
3DCR,high,counter,4.925990235982141,0.4507303237915039,300,300
3DCR,high,flowers,6.861928805248091,0.48339366912841797,220,220
3DCR,high,garden,2.19079967101014,0.36585330963134766,240,240
3DCR,high,kitchen,2.720602584204002,0.2741813659667969,350,350
3DCR,high,room,5.252635236170583,0.3917217254638672,390,390
3DCR,high,stump,5.5053490732708426,0.5518198013305664,160,160
3DCR,high,treehill,6.617940676429143,0.5623102188110352,180,180
3DCR,low,bicycle,3.9938533820775213,0.3631114959716797,250,250
3DCR,low,bonsai,4.854787130088045,1.4088153839111328,370,370
3DCR,low,counter,7.657656913945601,0.9577274322509766,300,300
3DCR,low,flowers,9.048483486668783,0.706791877746582,220,220
3DCR,low,garden,3.921700942618642,0.7467269897460938,240,240
3DCR,low,kitchen,4.220004414834516,0.60272216796875,350,350
3DCR,low,room,7.542445838310655,0.7778406143188477,390,390
3DCR,low,stump,7.0525115060356285,0.9317398071289062,160,160
3DCR,low,treehill,9.154743387218844,0.7482767105102539,180,180
3DCR,mid,bicycle,3.2621704567421332,0.31816959381103516,250,250
3DCR,mid,bonsai,3.6910551447403535,0.8243322372436523,370,370
3DCR,mid,counter,5.6706978985492285,0.567317008972168,300,300
3DCR,mid,flowers,7.30772885237986,0.5543231964111328,220,220
3DCR,mid,garden,2.976098262892865,0.5370378494262695,240,240
3DCR,mid,kitchen,3.220983799182072,0.3867149353027344,350,350
3DCR,mid,room,5.704694411123754,0.4903078079223633,390,390
3DCR,mid,stump,5.4473932324354735,0.677943229675293,160,160
3DCR,mid,treehill,7.129541017385556,0.5310773849487305,180,180
HAC_ori,high,bicycle,9.461661089265874,0.7016658782958984,250,250
HAC_ori,high,bonsai,7.954740358706282,1.001119613647461,370,370
HAC_ori,high,counter,10.33091024991127,0.8732080459594727,300,300
HAC_ori,high,flowers,30.04517921600602,1.8215179443359375,220,220
HAC_ori,high,garden,5.384632114826779,1.0628700256347656,240,240
HAC_ori,high,kitchen,4.309784783782472,0.6631612777709961,350,350
HAC_ori,high,room,11.519008597590378,0.6854534149169922,390,390
HAC_ori,high,stump,13.344622531248994,1.2700557708740234,160,160
HAC_ori,high,treehill,35.49457205010187,1.4318227767944336,180,180
HAC_ori,low,bicycle,21.4578283582595,1.4933347702026367,250,250
HAC_ori,low,bonsai,11.402773056937633,1.680135726928711,370,370
HAC_ori,low,counter,17.82938479625665,1.6502141952514648,300,300
HAC_ori,low,flowers,41.28095278952179,2.929091453552246,220,220
HAC_ori,low,garden,17.73979845111031,1.5501976013183594,240,240
HAC_ori,low,kitchen,8.480662135133816,0.8695125579833984,350,350
HAC_ori,low,room,19.20918060357422,1.187443733215332,390,390
HAC_ori,low,stump,35.630403293515435,2.3974180221557617,160,160
HAC_ori,low,treehill,61.744505272885874,2.6700496673583984,180,180
HAC_ori,mid,bicycle,12.572843584897832,0.8407831192016602,250,250
HAC_ori,mid,bonsai,8.612431196001147,1.1813640594482422,370,370
HAC_ori,mid,counter,11.580022683939625,0.9579658508300781,300,300
HAC_ori,mid,flowers,32.14699318482545,2.074003219604492,220,220
HAC_ori,mid,garden,7.321373929591939,1.0328292846679688,240,240
HAC_ori,mid,kitchen,4.983415076467693,0.7081031799316406,350,350
HAC_ori,mid,room,13.503355217865334,0.8196830749511719,390,390
HAC_ori,mid,stump,18.059222015928043,1.4500617980957031,160,160
HAC_ori,mid,treehill,43.36552745531904,1.690983772277832,180,180
HACplus+CR,high,bicycle,2.812257101472621,0.2466440200805664,250,250
HACplus+CR,high,bonsai,2.685795943027003,0.9212493896484375,370,370
HACplus+CR,high,counter,4.508865931351227,0.3839731216430664,300,300
HACplus+CR,high,flowers,7.138069988817222,0.649571418762207,220,220
HACplus+CR,high,garden,2.110961540267599,0.5068778991699219,240,240
HACplus+CR,high,kitchen,2.600295970339289,0.24390220642089844,350,350
HACplus+CR,high,room,4.333048246163074,0.3654956817626953,390,390
HACplus+CR,high,stump,5.2935451814980325,0.5518198013305664,160,160
HACplus+CR,high,treehill,7.457965187786861,0.6058216094970703,180,180
HACplus+CR,low,bicycle,3.8497847248284813,0.48851966857910156,250,250
HACplus+CR,low,bonsai,3.902606916694456,1.5103816986083984,370,370
HACplus+CR,low,counter,6.724035210268919,0.9423494338989258,300,300
HACplus+CR,low,flowers,9.994446246103394,0.9255409240722656,220,220
HACplus+CR,low,garden,3.773544669297884,0.756382942199707,240,240
HACplus+CR,low,kitchen,3.7785369815991423,0.5426406860351562,350,350
HACplus+CR,low,room,6.321053754718818,0.6043910980224609,390,390
HACplus+CR,low,stump,6.091044317602069,0.681757926940918,160,160
HACplus+CR,low,treehill,11.596591072106477,0.9779930114746094,180,180
HACplus+CR,mid,bicycle,2.866270491972127,0.2868175506591797,250,250
HACplus+CR,mid,bonsai,2.9496416197007704,1.2382268905639648,370,370
HACplus+CR,mid,counter,6.482263516040462,0.5004405975341797,300,300
HACplus+CR,mid,flowers,7.746961583741744,0.7750988006591797,220,220
HACplus+CR,mid,garden,2.4570708512118102,0.5738735198974609,240,240
HACplus+CR,mid,kitchen,2.8009941549146156,0.3094673156738281,350,350
HACplus+CR,mid,room,4.937508681692314,0.40459632873535156,390,390
HACplus+CR,mid,stump,5.132033781423669,0.5508661270141602,160,160
HACplus+CR,mid,treehill,7.972356434606127,0.7711648941040039,180,180
Orig,high,bicycle,9.812412899074456,0.742793083190918,250,250
Orig,high,bonsai,8.420653049368013,0.9783506393432617,370,370
Orig,high,counter,11.0003611256003,0.9287595748901367,300,300
Orig,high,flowers,29.180093613463914,1.7048120498657227,220,220
Orig,high,garden,5.225909894941253,0.954747200012207,240,240
Orig,high,kitchen,4.478439340278474,0.6396770477294922,350,350
Orig,high,room,12.173932573662128,0.7193088531494141,390,390
Orig,high,stump,13.736969830695813,1.2913942337036133,160,160
Orig,high,treehill,33.64213789613111,1.3790130615234375,180,180
Orig,low,bicycle,24.70393418512173,1.668691635131836,250,250
Orig,low,bonsai,12.89042363004026,1.6887187957763672,370,370
Orig,low,counter,16.91696554380644,1.7219781875610352,300,300
Orig,low,flowers,40.56176796722268,2.983689308166504,220,220
Orig,low,garden,16.49027058792739,1.4522075653076172,240,240
Orig,low,kitchen,9.077440808445775,0.8261203765869141,350,350
Orig,low,room,20.77853172818385,1.3028383255004883,390,390
Orig,low,stump,44.30141654498671,2.889275550842285,160,160
Orig,low,treehill,60.361652420517416,2.6797056198120117,180,180
Orig,mid,bicycle,15.162946019040774,0.9856224060058594,250,250
Orig,mid,bonsai,10.384724249252326,1.3071298599243164,370,370
Orig,mid,counter,13.333554834396903,1.2038946151733398,300,300
Orig,mid,flowers,32.71699799850343,2.271413803100586,220,220
Orig,mid,garden,8.97176545476287,0.986933708190918,240,240
Orig,mid,kitchen,6.27376383418413,0.7020235061645508,350,350
Orig,mid,room,17.09495639212546,0.9906291961669922,390,390
Orig,mid,stump,26.396611156170934,1.832127571105957,160,160
Orig,mid,treehill,45.33443460450901,1.837611198425293,180,180
