dataset,method,rate,group,fid_mean,cmmd_mean,n_scenes
CAT3DGSPro_organized,3DCR,high,all9,27.324409493677948,0.2657175064086914,9
CAT3DGSPro_organized,3DCR,high,indoor,29.07796004791416,0.18960237503051758,4
CAT3DGSPro_organized,3DCR,high,outdoor,25.921569050288973,0.32660961151123047,5
CAT3DGSPro_organized,3DCR,low,all9,37.900997192404134,0.5005200703938802,9
CAT3DGSPro_organized,3DCR,low,indoor,41.8049362978378,0.39315223693847656,4
CAT3DGSPro_organized,3DCR,low,outdoor,34.7778459080572,0.5864143371582031,5
CAT3DGSPro_organized,3DCR,mid,all9,30.831308262467058,0.3514157401190864,9
CAT3DGSPro_organized,3DCR,mid,indoor,33.295224211382546,0.2485811710357666,4
CAT3DGSPro_organized,3DCR,mid,outdoor,28.860175503334666,0.4336833953857422,5
CAT3DGSPro_organized,Orig,high,all9,64.4894290612609,0.6472004784478081,9
CAT3DGSPro_organized,Orig,high,indoor,54.632460549665666,0.4875659942626953,4
CAT3DGSPro_organized,Orig,high,outdoor,72.37500387053709,0.7749080657958984,5
CAT3DGSPro_organized,Orig,low,all9,113.79837750285866,1.225047641330295,9
CAT3DGSPro_organized,Orig,low,indoor,84.65414347719923,0.8801519870758057,4
CAT3DGSPro_organized,Orig,low,outdoor,137.1137647233862,1.5009641647338867,5
CAT3DGSPro_organized,Orig,mid,all9,86.69017236205562,0.9033547507392036,9
CAT3DGSPro_organized,Orig,mid,indoor,68.88592441411498,0.6736516952514648,4
CAT3DGSPro_organized,Orig,mid,outdoor,100.93357072040813,1.0871171951293945,5
CAT3DGSPro_wdr_pw,3DCR,high,all9,27.303309542912938,0.20297368367513022,6
CAT3DGSPro_wdr_pw,3DCR,high,indoor,29.971875335561474,0.19089380900065103,3
CAT3DGSPro_wdr_pw,3DCR,high,outdoor,24.634743750264402,0.21505355834960938,3
CAT3DGSPro_wdr_pw,3DCR,low,all9,38.94966339364297,0.41490793228149414,6
CAT3DGSPro_wdr_pw,3DCR,low,indoor,44.129092955821285,0.3872315088907878,3
CAT3DGSPro_wdr_pw,3DCR,low,outdoor,33.77023383146466,0.4425843556722005,3
CAT3DGSPro_wdr_pw,3DCR,mid,all9,31.730821167832516,0.2776185671488444,6
CAT3DGSPro_wdr_pw,3DCR,mid,indoor,35.01977007775465,0.24692217508951822,3
CAT3DGSPro_wdr_pw,3DCR,mid,outdoor,28.441872257910386,0.3083149592081706,3
CAT3DGSPro_wdr_pw,Orig,high,all9,59.91353415979904,0.5470911661783854,6
CAT3DGSPro_wdr_pw,Orig,high,indoor,54.874100551929054,0.4744132359822591,3
CAT3DGSPro_wdr_pw,Orig,high,outdoor,64.95296776766902,0.6197690963745117,3
CAT3DGSPro_wdr_pw,Orig,low,all9,100.94901697279211,1.1386871337890625,6
CAT3DGSPro_wdr_pw,Orig,low,indoor,83.955433608381,0.8596181869506836,3
CAT3DGSPro_wdr_pw,Orig,low,outdoor,117.9426003372032,1.4177560806274414,3
CAT3DGSPro_wdr_pw,Orig,mid,all9,76.5695531116371,0.7818937301635742,6
CAT3DGSPro_wdr_pw,Orig,mid,indoor,67.26480520300724,0.6450414657592773,3
CAT3DGSPro_wdr_pw,Orig,mid,outdoor,85.87430102026697,0.9187459945678711,3
CAT3DGSPro_wdr_pw,wdr_pw,high,all9,29.8264133449107,0.1848141352335612,6
CAT3DGSPro_wdr_pw,wdr_pw,high,indoor,30.668301058497605,0.17277399698893228,3
CAT3DGSPro_wdr_pw,wdr_pw,high,outdoor,28.984525631323795,0.1968542734781901,3
CAT3DGSPro_wdr_pw,wdr_pw,low,all9,43.874840804063986,0.39128462473551434,6
CAT3DGSPro_wdr_pw,wdr_pw,low,indoor,46.075667646142485,0.29397010803222656,3
CAT3DGSPro_wdr_pw,wdr_pw,low,outdoor,41.67401396198549,0.48859914143880206,3
CAT3DGSPro_wdr_pw,wdr_pw,mid,all9,35.89864015806481,0.2542336781819661,6
CAT3DGSPro_wdr_pw,wdr_pw,mid,indoor,37.65130781302071,0.22498766581217447,3
CAT3DGSPro_wdr_pw,wdr_pw,mid,outdoor,34.14597250310891,0.2834796905517578,3
HACplus+CR,HACplus+CR,high,all9,26.50435261798677,0.23906760745578343,9
HACplus+CR,HACplus+CR,high,indoor,26.88912068017987,0.15789270401000977,4
HACplus+CR,HACplus+CR,high,outdoor,26.196538168232287,0.30400753021240234,5
HACplus+CR,HACplus+CR,low,all9,36.73831297255512,0.4475381639268663,9
HACplus+CR,HACplus+CR,low,indoor,37.880614972231,0.31000375747680664,4
HACplus+CR,HACplus+CR,low,outdoor,35.82447137281442,0.5575656890869141,5
HACplus+CR,HACplus+CR,mid,all9,29.462529049336613,0.2961821026272244,9
HACplus+CR,HACplus+CR,mid,indoor,31.44831259338838,0.18990039825439453,4
HACplus+CR,HACplus+CR,mid,outdoor,27.8739022140952,0.3812074661254883,5
HAC_ori,HAC_ori,high,all9,64.91886313217532,0.6367497973971896,9
HAC_ori,HAC_ori,high,indoor,51.93447355272987,0.4405081272125244,4
HAC_ori,HAC_ori,high,outdoor,75.30637479573167,0.7937431335449219,5
HAC_ori,HAC_ori,low,all9,112.38255881725031,1.1895232730441623,9
HAC_ori,HAC_ori,low,indoor,83.11849290845352,0.8231997489929199,4
HAC_ori,HAC_ori,low,outdoor,135.79381154428773,1.4825820922851562,5
HAC_ori,HAC_ori,mid,all9,76.82997486782304,0.7505019505818685,9
HAC_ori,HAC_ori,mid,indoor,58.26816332029699,0.5166828632354736,4
HAC_ori,HAC_ori,mid,outdoor,91.67942410584388,0.9375572204589844,5
cat3dgs_w_wd_r,high_rate_size9.32,,all9,39.076321440531174,0.5507734086778429,9
cat3dgs_w_wd_r,high_rate_size9.32,,indoor,46.410153719813906,0.5310177803039551,4
cat3dgs_w_wd_r,high_rate_size9.32,,outdoor,33.20925561710499,0.5665779113769531,5
cat3dgs_w_wd_r,low_rate_size1.35,,all9,102.07363320737991,1.5680260128445096,9
cat3dgs_w_wd_r,low_rate_size1.35,,indoor,83.73605809665403,1.0377168655395508,4
cat3dgs_w_wd_r,low_rate_size1.35,,outdoor,116.74369329596061,1.9922733306884766,5
cat3dgs_w_wd_r,mid_rate_size3.2,,all9,63.51831805723322,1.0131200154622395,9
cat3dgs_w_wd_r,mid_rate_size3.2,,indoor,65.73208143918643,0.7897913455963135,4
cat3dgs_w_wd_r,mid_rate_size3.2,,outdoor,61.747307351670656,1.1917829513549805,5
cat3dgs_w_wd_r,wdr_refine_15k_same_psnr_as_catpro,,all9,63.760534061961636,0.6158749262491862,9
cat3dgs_w_wd_r,wdr_refine_15k_same_psnr_as_catpro,,indoor,53.31296537421318,0.4210472106933594,4
cat3dgs_w_wd_r,wdr_refine_15k_same_psnr_as_catpro,,outdoor,72.1185890121604,0.7717370986938477,5
cat3dgs_w_wd_r,wdr_refinement_15k_highrate,,all9,29.972297030726686,0.23006068335639107,9
cat3dgs_w_wd_r,wdr_refinement_15k_highrate,,indoor,28.921405347572687,0.18066167831420898,4
cat3dgs_w_wd_r,wdr_refinement_15k_highrate,,outdoor,30.813010377249885,0.2695798873901367,5
cat3dgs_w_wd_r,wdr_refinement_15k_lowrate,,all9,45.55285173050723,0.4850625991821289,9
cat3dgs_w_wd_r,wdr_refinement_15k_lowrate,,indoor,43.33621485076564,0.3287196159362793,4
cat3dgs_w_wd_r,wdr_refinement_15k_lowrate,,outdoor,47.3261612343005,0.6101369857788086,5
cat3dgs_w_wd_r,wdr_refinement_15k_midrate,,all9,36.58256704600045,0.31816959381103516,9
cat3dgs_w_wd_r,wdr_refinement_15k_midrate,,indoor,35.52904956521344,0.2511441707611084,4
cat3dgs_w_wd_r,wdr_refinement_15k_midrate,,outdoor,37.42538103063006,0.37178993225097656,5
Perceptual_gs,perceptual,,all9,36.29192657881535,0.29354625278049046,9
Perceptual_gs,perceptual,,indoor,38.41910578351499,0.26738643646240234,4
Perceptual_gs,perceptual,,outdoor,34.59018321505563,0.31447410583496094,5
Perceptual_gs,perceptual_3dcr,,all9,25.27407689205011,0.18923812442355686,9
Perceptual_gs,perceptual_3dcr,,indoor,24.80251793267837,0.10031461715698242,4
Perceptual_gs,perceptual_3dcr,,outdoor,25.651324059547505,0.2603769302368164,5
